rank,team,points,games_played,wins,overtime_wins,overtime_losses,losses,goals_for,goals_against,penalty_minutes
1,MARSEILLE,19,8,5,2,0,1,29,18,67
2,GRENOBLE,19,8,6,0,1,1,29,16,44
3,ROUEN,18,8,6,0,0,2,25,12,46
4,ANGERS,16,8,5,0,1,2,29,21,91
5,CHAMONIX,16,8,5,0,1,2,29,27,68
6,NICE,12,8,3,1,1,3,28,27,80
7,BORDEAUX,11,8,3,1,0,4,21,19,50
8,BRIANCON,10,8,2,1,2,3,15,20,108
9,GAP,9,8,2,1,1,4,16,29,84
10,AMIENS,6,8,1,1,1,5,18,25,73
11,CERGY,6,8,1,1,1,5,20,28,42
12,ANGLET,2,8,0,1,0,7,13,30,67
