rank,team,points,games_played,wins,overtime_wins,overtime_losses,losses,goals_for,goals_against
1,Zurich,25,9,7,2,0,0,37,20
2,Langnau,18,10,5,1,1,3,37,29
3,Geneve,18,10,4,2,2,2,30,27
4,Fribourg,17,10,4,2,1,3,34,24
5,Ambri,14,9,4,1,0,4,25,30
6,Ajoie,14,10,2,3,2,3,30,34
7,Davos,13,10,4,0,1,5,25,28
8,Lugano,12,9,3,1,1,4,33,31
9,Berne,12,8,3,0,3,2,25,25
10,Lausanne,12,10,3,1,1,5,30,37
11,Rapperswil,11,10,2,2,1,5,27,38
12,Zoug,10,6,3,0,1,2,22,14
13,Bienne,10,9,3,0,1,5,29,32
14,Kloten,9,10,2,1,1,6,22,37
